﻿<?xml version="1.0" encoding="utf-8" ?>
<ScanSettingsRoot xmlns="urn:ScanSetting">
	<CheckfeederList>
		<Device>Canon DR-F120 TWAIN</Device>
		<Device>EPSON WF-2630 Series</Device>
		<Device>HP Scanjet 5590 Doc TWAIN</Device>
		<Device>FUJITSU fi-6230dj</Device>
		<Device>FUJITSU fi-5220Cdj</Device>
	</CheckfeederList>
	
	<ScanSettings>
		<ScanSetting>
			<ConfigName>duplex_ims_txt</ConfigName>
			<DisplayName>Duplex IMS mit Volltextsuche als PDF</DisplayName>
			<Color>Gray</Color>
			<Dpi>300</Dpi>
			<FileFormat>TIFF</FileFormat>
			<OutputPath>T:\ZAutostore\Input_IMS_PDF\</OutputPath>
			<Duplex>true</Duplex>
		</ScanSetting>
	
		<ScanSetting>
			<ConfigName>duplex_pdf</ConfigName>
			<DisplayName>Duplex als PDF</DisplayName>
			<Color>Gray</Color>
			<Dpi>300</Dpi>
			<FileFormat>TIFF</FileFormat>
			<OutputPath>T:\ZAutostore\Input_IMS\</OutputPath>
			<Duplex>true</Duplex>
		</ScanSetting>
	
		<ScanSetting>
			<ConfigName>ims_txt</ConfigName>
			<DisplayName>IMS mit Volltextsuche als PDF</DisplayName>
			<Color>Gray</Color>
			<Dpi>300</Dpi>
			<FileFormat>TIFF</FileFormat>
			<OutputPath>T:\ZAutostore\Input_PDF\</OutputPath>
			<Duplex>false</Duplex>
		</ScanSetting>

		<ScanSetting>
			<ConfigName>ims_jpeg</ConfigName>
			<DisplayName>IMS als JPEG</DisplayName>
			<Color>Color</Color>
			<Dpi>600</Dpi>
			<FileFormat>JPEG</FileFormat>
			<OutputPath>T:\ZAutostore\Input_IMS_PDF_TIFF\</OutputPath>
			<Duplex>false</Duplex>
		</ScanSetting>
	
		<ScanSetting>
			<ConfigName>ims_pdf_lowres</ConfigName>
			<DisplayName>IMS als PDF in geringer Auflösung</DisplayName>
			<Color>Gray</Color>
			<Dpi>150</Dpi>
			<FileFormat>TIFF</FileFormat>
			<OutputPath>T:\ZAutostore\Input_IMS_PDF_LowRes\</OutputPath>
			<Duplex>false</Duplex>
		</ScanSetting>

		<ScanSetting>
			<ConfigName>ims_pdf</ConfigName>
			<DisplayName>IMS als PDF</DisplayName>
			<Color>Gray</Color>
			<Dpi>300</Dpi>
			<FileFormat>TIFF</FileFormat>
			<OutputPath>T:\ZAutostore\Input_IMS_PDF\</OutputPath>
			<Duplex>false</Duplex>
		</ScanSetting>

		<ScanSetting>
			<ConfigName>ims_tiff</ConfigName>
			<DisplayName>IMS als TIFF</DisplayName>
			<Color>BlackWhite</Color>
			<Compression>CompressionCCITT4</Compression>
			<Dpi>300</Dpi>
			<FileFormat>TIFF</FileFormat>
			<OutputPath>T:\ZAutostore\Input_IMS_PDF_TIFF\</OutputPath>
			<Duplex>false</Duplex>
		</ScanSetting>	

		<ScanSetting>
			<ConfigName>jpeg</ConfigName>
			<DisplayName>JPEG</DisplayName>
			<Quality>80</Quality>
			<Color>RGB</Color>
			<Dpi>300</Dpi>
			<FileFormat>JPEG</FileFormat>
			<OutputPath>T:\ZAutostore\Input_Filesystem\</OutputPath>
			<Duplex>false</Duplex>
		</ScanSetting>

		<ScanSetting>
			<ConfigName>pdf</ConfigName>
			<DisplayName>PDF</DisplayName>
			<Color>Gray</Color>
			<Dpi>300</Dpi>
			<FileFormat>TIFF</FileFormat>
			<OutputPath>T:\ZAutostore\Input_PDF\</OutputPath>
			<Duplex>false</Duplex>
		</ScanSetting>	
	
		<ScanSetting>
			<ConfigName>msword</ConfigName>
			<DisplayName>Microsoft Word</DisplayName>
			<Color>Gray</Color>
			<Dpi>300</Dpi>
			<FileFormat>TIFF</FileFormat>
			<OutputPath>T:\ZAutostore\Input_Word\</OutputPath>
			<Duplex>false</Duplex>
		</ScanSetting>	

		<ScanSetting>
			<ConfigName>email</ConfigName>
			<DisplayName>E-Mail</DisplayName>
			<Color>Gray</Color>
			<Dpi>300</Dpi>
			<FileFormat>TIFF</FileFormat>
			<Duplex>false</Duplex>
			<EmailTo>true</EmailTo>
		</ScanSetting>	
	</ScanSettings>
</ScanSettingsRoot>
